model,compile_seconds,sample_seconds,total_seconds,max_rhat,min_ess_bulk,min_ess_tail,loo_elpd,loo_p,waic_elpd,waic_p
ordered_logit_cfa,17.390048300032504,78.36194640002213,95.75199470005464,1.81129,10.0,10.0,-39100.71109878482,2920.4568712917753,-39465.149745677656,3284.8955181846154
pcm_bsem,15.9984390999889,39.98589600005653,55.98433510004543,1.69823,10.0,10.0,-49076.86833721872,12746.687810979762,-84242.85068785437,47912.6701616154
