model,log_lik,deviance,AIC,BIC,n_params
Rasch (MLE),-8995.4,17990.8,18028.8,18119.640094892788,19
Lat-Reg Rasch (MLE),-8735.53,17471.06,17523.06,17647.367498274343,26
LLTM (MLE),-9002.25,18004.5,18024.5,18072.310576259362,10
Lat-Reg LLTM (MLE),-8742.38,17484.76,17518.76,17600.037979640914,17
